{
  "formality": 0.5230769230769231,
  "avg_sentence_length": 12.200000000000001,
  "emoji_usage": 0.0,
  "directness": 0.5538461538461539,
  "language_hint": "de",
  "samples_seen": 1
}